delivery_status,orders,avg_review,low_review_rate_pct
정시 배송,88168,4.293577567732184,9.23774504274854
지연 배송,7662,2.566549798727438,54.01895857680821
