metric,value
volume_floor,0.6055098260000003
abs_ret_1_q995,0.00940625066573839
rv_30_q995,0.04397969322728828
vol_z_60_q995,5.24885723811147
